{
  "map": {
    "3": {
      "pitchRad": 0.8726646261415189,
      "speedMetersPerSec": 5.294201012406419,
      "timeOfFlightSeconds": 0.9417802642380139
    },
    "3.5": {
      "pitchRad": 0.8726646261224094,
      "speedMetersPerSec": 5.7931180044337225,
      "timeOfFlightSeconds": 1.0109429912615346
    },
    "4.0": {
      "pitchRad": 0.872664626107318,
      "speedMetersPerSec": 6.2619974989831,
      "timeOfFlightSeconds": 1.0761421837998562
    },
    "4.5": {
      "pitchRad": 0.8726646260951616,
      "speedMetersPerSec": 6.70704260352122,
      "timeOfFlightSeconds": 1.1380574720264942
    },
    "6.5": {
      "pitchRad": 0.8726646260631314,
      "speedMetersPerSec": 8.323496424370385,
      "timeOfFlightSeconds": 1.3614814366897467
    },
    "7.0": {
      "pitchRad": 0.8726646260576658,
      "speedMetersPerSec": 8.698600547935525,
      "timeOfFlightSeconds": 1.4127090559105946
    },
    "7.5": {
      "pitchRad": 0.8726646260528595,
      "speedMetersPerSec": 9.06530501086259,
      "timeOfFlightSeconds": 1.4624820693362353
    },
    "8.0": {
      "pitchRad": 0.872664626048603,
      "speedMetersPerSec": 9.424732319202647,
      "timeOfFlightSeconds": 1.5109427059324727
    },
    "8.5": {
      "pitchRad": 0.8726646260448098,
      "speedMetersPerSec": 9.7778294299107,
      "timeOfFlightSeconds": 1.5582118642080338
    },
    "9.5": {
      "pitchRad": 0.8726646260383519,
      "speedMetersPerSec": 10.468154373504062,
      "timeOfFlightSeconds": 1.6495766961467377
    },
    "10.0": {
      "pitchRad": 0.8726646260355859,
      "speedMetersPerSec": 10.8066855225327,
      "timeOfFlightSeconds": 1.6938403325260012
    },
    "10.5": {
      "pitchRad": 0.8726646260330752,
      "speedMetersPerSec": 11.141530208034636,
      "timeOfFlightSeconds": 1.7372528031713044
    },
    "11.0": {
      "pitchRad": 0.872664626030788,
      "speedMetersPerSec": 11.473159159751397,
      "timeOfFlightSeconds": 1.779874654948676
    },
    "11.5": {
      "pitchRad": 0.8726646260286982,
      "speedMetersPerSec": 11.801991627312054,
      "timeOfFlightSeconds": 1.8217595977822871
    },
    "12.0": {
      "pitchRad": 0.8726646260267829,
      "speedMetersPerSec": 12.12840344311247,
      "timeOfFlightSeconds": 1.8629555040498407
    },
    "12.5": {
      "pitchRad": 0.8726646260250227,
      "speedMetersPerSec": 12.452733555037144,
      "timeOfFlightSeconds": 1.9035052271578967
    },
    "13.0": {
      "pitchRad": 0.8726646260234013,
      "speedMetersPerSec": 12.775289368433443,
      "timeOfFlightSeconds": 1.9434472776680096
    },
    "13.5": {
      "pitchRad": 0.8726646260219043,
      "speedMetersPerSec": 13.096351151439597,
      "timeOfFlightSeconds": 1.98281638608365
    },
    "14.0": {
      "pitchRad": 0.872664626020519,
      "speedMetersPerSec": 13.416175696232434,
      "timeOfFlightSeconds": 2.021643974633013
    },
    "14.5": {
      "pitchRad": 0.8726646260192348,
      "speedMetersPerSec": 13.734999383770807,
      "timeOfFlightSeconds": 2.05995855536393
    },
    "15.0": {
      "pitchRad": 0.8726646260180425,
      "speedMetersPerSec": 14.053040766305186,
      "timeOfFlightSeconds": 2.0977860681056364
    },
    "15.5": {
      "pitchRad": 0.8726646260169373,
      "speedMetersPerSec": 14.370502756984202,
      "timeOfFlightSeconds": 2.1351501690026926
    }
  }
}
