{
  "map": {
    "3": {
      "pitchRad": 0.9599310886816246,
      "speedMetersPerSec": 5.481825826604233,
      "timeOfFlightSeconds": 1.0218057151491156
    },
    "3.5": {
      "pitchRad": 0.9599310886690906,
      "speedMetersPerSec": 5.993039495380767,
      "timeOfFlightSeconds": 1.0982909553875948
    },
    "4.0": {
      "pitchRad": 0.9599310886595065,
      "speedMetersPerSec": 6.474128198099639,
      "timeOfFlightSeconds": 1.1703332450312407
    },
    "4.5": {
      "pitchRad": 0.9599310886519329,
      "speedMetersPerSec": 6.931367527511578,
      "timeOfFlightSeconds": 1.238706306153132
    },
    "5.0": {
      "pitchRad": 0.9599310886457951,
      "speedMetersPerSec": 7.369280287481261,
      "timeOfFlightSeconds": 1.3039858317691655
    },
    "5.5": {
      "pitchRad": 0.9599310886407209,
      "speedMetersPerSec": 7.791250205948574,
      "timeOfFlightSeconds": 1.3666136508680153
    },
    "6.0": {
      "pitchRad": 0.9599310886364448,
      "speedMetersPerSec": 8.199885801087543,
      "timeOfFlightSeconds": 1.4269374256776393
    },
    "6.5": {
      "pitchRad": 0.9599310886328253,
      "speedMetersPerSec": 8.597248042741871,
      "timeOfFlightSeconds": 1.4852363970009603
    },
    "7.0": {
      "pitchRad": 0.9599310886296969,
      "speedMetersPerSec": 8.984999154468856,
      "timeOfFlightSeconds": 1.541738737305966
    },
    "7.5": {
      "pitchRad": 0.9599310886269757,
      "speedMetersPerSec": 9.364503456535013,
      "timeOfFlightSeconds": 1.5966336291493088
    },
    "8.0": {
      "pitchRad": 0.9599310886245889,
      "speedMetersPerSec": 9.736897822586625,
      "timeOfFlightSeconds": 1.6500799041699374
    },
    "8.5": {
      "pitchRad": 0.9599310886224799,
      "speedMetersPerSec": 10.103142204621793,
      "timeOfFlightSeconds": 1.7022123680801589
    },
    "9.0": {
      "pitchRad": 0.9599310886206041,
      "speedMetersPerSec": 10.464056689222195,
      "timeOfFlightSeconds": 1.7531465263032462
    },
    "9.5": {
      "pitchRad": 0.9599310886189264,
      "speedMetersPerSec": 10.820349214490063,
      "timeOfFlightSeconds": 1.8029821779509418
    },
    "10.0": {
      "pitchRad": 0.959931088617418,
      "speedMetersPerSec": 11.172636663063948,
      "timeOfFlightSeconds": 1.8518061923814255
    },
    "10.5": {
      "pitchRad": 0.9599310886160556,
      "speedMetersPerSec": 11.521461162387604,
      "timeOfFlightSeconds": 1.8996946844299603
    },
    "11.0": {
      "pitchRad": 0.9599310886148201,
      "speedMetersPerSec": 11.867302855036753,
      "timeOfFlightSeconds": 1.9467147400048037
    },
    "11.5": {
      "pitchRad": 0.9599310886136952,
      "speedMetersPerSec": 12.210590027492,
      "timeOfFlightSeconds": 1.9929258005137687
    },
    "12.0": {
      "pitchRad": 0.959931088612668,
      "speedMetersPerSec": 12.551707233625114,
      "timeOfFlightSeconds": 2.0383807849749216
    },
    "12.5": {
      "pitchRad": 0.9599310886117265,
      "speedMetersPerSec": 12.891001876017425,
      "timeOfFlightSeconds": 2.0831270080034856
    },
    "13.0": {
      "pitchRad": 0.9599310886108613,
      "speedMetersPerSec": 13.228789587175894,
      "timeOfFlightSeconds": 2.1272069372093036
    },
    "13.5": {
      "pitchRad": 0.9599310886100642,
      "speedMetersPerSec": 13.565358666697307,
      "timeOfFlightSeconds": 2.1706588229816934
    },
    "14.0": {
      "pitchRad": 0.9599310886093281,
      "speedMetersPerSec": 13.900973768402409,
      "timeOfFlightSeconds": 2.2135172259284093
    },
    "14.5": {
      "pitchRad": 0.9599310886086476,
      "speedMetersPerSec": 14.235878986119346,
      "timeOfFlightSeconds": 2.2558134615324748
    }
  }
}
